{
  "name": "pantalla_catedral",
  "version": 32,
  "source-key": {
    "type": "figma",
    "file": "PIl8Es4Os4vU6JalNigQWw",
    "node": "101:54",
    "version": "5061532478",
    "component-id": "9437dc064b68b9be759291adfec7cea3e47c48bf"
  },
  "default": "PantallaCatedral",
  "design": {
    "atoms": [
      {
        "type": "group",
        "id": "top_level",
        "root": "true"
      },
      {
        "type": "text",
        "id": "La Catedral de Granada"
      },
      {
        "type": "group",
        "id": "BottomNav"
      },
      {
        "type": "image",
        "id": "img"
      },
      {
        "type": "vector",
        "id": "container"
      },
      {
        "type": "vector",
        "id": "menuButton"
      },
      {
        "type": "vector",
        "id": "elem1Button"
      },
      {
        "type": "vector",
        "id": "elemButton2"
      },
      {
        "type": "text",
        "id": "textMenu"
      },
      {
        "type": "text",
        "id": "textElem1"
      },
      {
        "type": "text",
        "id": "textElem2"
      }
    ],
    "modes": {
      "PantallaCatedral": {
        "rules": [
          {
            "id": "top_level",
            "is-structured": "false",
            "children": [
              "La Catedral de Granada",
              "BottomNav",
              "img"
            ],
            "background-color": {
              "alpha": "1.0",
              "hue": "0.0",
              "saturation": "0.0",
              "value": "0.8509803921568627"
            }
          },
          {
            "id": "La Catedral de Granada",
            "alignment": {
              "horizontal": {
                "attachment": "start",
                "offset": "40.0"
              },
              "vertical": {
                "attachment": "start",
                "offset": "122.0"
              }
            },
            "size-constraints": {
              "width-constraints": {
                "sizing-mode": "fixed",
                "value": "281.0"
              },
              "height-constraints": {
                "sizing-mode": "fixed",
                "value": "437.0"
              }
            },
            "color": {
              "alpha": "1.0",
              "hue": "0.0",
              "saturation": "0.0",
              "value": "0.0"
            },
            "text-content": "$screenText",
            "overflow": "visible",
            "max-lines": "-1",
            "text-align": "left",
            "text-size": "12.0",
            "line-height": "1.2102272510528564",
            "typeface": "Inter"
          },
          {
            "id": "BottomNav",
            "alignment": {
              "horizontal": {
                "attachment": "start",
                "offset": "-9.0"
              },
              "vertical": {
                "attachment": "start",
                "offset": "590.0"
              }
            },
            "size-constraints": {
              "width-constraints": {
                "sizing-mode": "fixed",
                "value": "378.0"
              },
              "height-constraints": {
                "sizing-mode": "fixed",
                "value": "50.0"
              }
            },
            "is-structured": "false",
            "children": [
              "container",
              "menuButton",
              "elem1Button",
              "elemButton2",
              "textMenu",
              "textElem1",
              "textElem2"
            ],
            "clip-content": "false"
          },
          {
            "id": "img",
            "margin": {
              "left": "56.0",
              "top": "31.0",
              "right": "55.62351989746094",
              "bottom": "533.7058792114258"
            },
            "border-radius": "15.0",
            "drop-shadow": {
              "color": {
                "alpha": "0.24705882352941178",
                "hue": "0.0",
                "saturation": "0.0",
                "value": "0.0"
              },
              "blur": "4.0",
              "offset-x": "0.0",
              "offset-y": "4.0",
              "spread": "0.0",
              "blend-mode": "normal"
            },
            "alignment": {
              "horizontal": {
                "attachment": "start",
                "offset": "-4.0"
              },
              "vertical": {
                "attachment": "start",
                "offset": "0.0"
              }
            },
            "size-constraints": {
              "width-constraints": {
                "sizing-mode": "proportional",
                "value": "1.0"
              },
              "height-constraints": {
                "sizing-mode": "proportional",
                "value": "1.0"
              }
            },
            "stroke-width": "1.0",
            "stroke-color": {
              "alpha": "1.0",
              "hue": "0.0",
              "saturation": "0.0",
              "value": "0.0"
            },
            "image-content": "$img",
            "scale": "cover"
          },
          {
            "id": "container",
            "alignment": {
              "horizontal": {
                "attachment": "start",
                "offset": "9.0"
              },
              "vertical": {
                "attachment": "start",
                "offset": "0.0"
              }
            },
            "size-constraints": {
              "width-constraints": {
                "sizing-mode": "proportional",
                "value": "1.0"
              },
              "height-constraints": {
                "sizing-mode": "proportional",
                "value": "1.0"
              }
            },
            "vector-content": "container.svg"
          },
          {
            "id": "menuButton",
            "margin": {
              "right": "262.37646484375"
            },
            "alignment": {
              "horizontal": {
                "attachment": "start",
                "offset": "9.0"
              },
              "vertical": {
                "attachment": "start",
                "offset": "0.0"
              }
            },
            "tap-handler": "$menuButtonTapped",
            "size-constraints": {
              "width-constraints": {
                "sizing-mode": "proportional",
                "value": "1.0"
              },
              "height-constraints": {
                "sizing-mode": "proportional",
                "value": "1.0"
              }
            },
            "vector-content": "menu_button.svg"
          },
          {
            "id": "elem1Button",
            "margin": {
              "left": "115.62353515625",
              "right": "117.10588073730469"
            },
            "tap-handler": "$secondButtonTapped",
            "size-constraints": {
              "width-constraints": {
                "sizing-mode": "proportional",
                "value": "1.0"
              },
              "height-constraints": {
                "sizing-mode": "proportional",
                "value": "1.0"
              }
            },
            "vector-content": "elem1button.svg"
          },
          {
            "id": "elemButton2",
            "margin": {
              "left": "260.8941650390625"
            },
            "alignment": {
              "horizontal": {
                "attachment": "start",
                "offset": "-0.5"
              },
              "vertical": {
                "attachment": "start",
                "offset": "-0.5"
              }
            },
            "tap-handler": "$thirdButtonTapped",
            "size-constraints": {
              "width-constraints": {
                "sizing-mode": "proportional",
                "value": "1.0"
              },
              "height-constraints": {
                "sizing-mode": "proportional",
                "value": "1.0"
              }
            },
            "vector-content": "elem_button2.svg"
          },
          {
            "id": "textMenu",
            "margin": {
              "top": "18.478271484375",
              "right": "271.27059173583984",
              "bottom": "15.21738052368164"
            },
            "size-constraints": {
              "width-constraints": {
                "sizing-mode": "proportional",
                "value": "1.0"
              },
              "height-constraints": {
                "sizing-mode": "proportional",
                "value": "1.0"
              }
            },
            "color": {
              "alpha": "1.0",
              "hue": "0.0",
              "saturation": "0.0",
              "value": "0.0"
            },
            "text-content": "$menuButtonText",
            "overflow": "visible",
            "max-lines": "-1",
            "text-size": "12.0",
            "line-height": "1.2102272510528564",
            "typeface": "Inter"
          },
          {
            "id": "textElem1",
            "margin": {
              "left": "130.44708251953125",
              "top": "18.478271484375",
              "right": "131.92938232421875",
              "bottom": "15.21738052368164"
            },
            "size-constraints": {
              "width-constraints": {
                "sizing-mode": "proportional",
                "value": "1.0"
              },
              "height-constraints": {
                "sizing-mode": "proportional",
                "value": "1.0"
              }
            },
            "color": {
              "alpha": "1.0",
              "hue": "0.0",
              "saturation": "0.0",
              "value": "0.0"
            },
            "text-content": "$secondButtonText",
            "overflow": "visible",
            "max-lines": "-1",
            "text-size": "12.0",
            "line-height": "1.2102272510528564",
            "typeface": "Inter"
          },
          {
            "id": "textElem2",
            "margin": {
              "left": "271.27056884765625",
              "top": "18.478271484375",
              "right": "0.00002288818359375",
              "bottom": "15.21738052368164"
            },
            "size-constraints": {
              "width-constraints": {
                "sizing-mode": "proportional",
                "value": "1.0"
              },
              "height-constraints": {
                "sizing-mode": "proportional",
                "value": "1.0"
              }
            },
            "color": {
              "alpha": "1.0",
              "hue": "0.0",
              "saturation": "0.0",
              "value": "0.0"
            },
            "text-content": "$thirdButtonText",
            "overflow": "visible",
            "max-lines": "-1",
            "text-size": "12.0",
            "line-height": "1.2102272510528564",
            "typeface": "Inter"
          }
        ]
      }
    }
  },
  "parameters": {
    "screenText": {
      "data-type": "text",
      "required": false,
      "description": ""
    },
    "img": {
      "data-type": "image",
      "required": false,
      "description": ""
    },
    "menuButtonTapped": {
      "data-type": "void-callback",
      "required": false,
      "description": ""
    },
    "secondButtonTapped": {
      "data-type": "void-callback",
      "required": false,
      "description": ""
    },
    "thirdButtonTapped": {
      "data-type": "void-callback",
      "required": false,
      "description": ""
    },
    "menuButtonText": {
      "data-type": "text",
      "required": false,
      "description": ""
    },
    "secondButtonText": {
      "data-type": "text",
      "required": false,
      "description": ""
    },
    "thirdButtonText": {
      "data-type": "text",
      "required": false,
      "description": ""
    }
  },
  "previews": [
    {
      "design": "PantallaCatedral",
      "size": {
        "width": 360.0,
        "height": 640.0
      },
      "parameters": {
        "screenText": "La Catedral de Granada",
        "img": "img.jpeg",
        "menuButtonText": "Menu",
        "secondButtonText": "Alhambra",
        "thirdButtonText": "San Miguel"
      }
    }
  ],
  "adin-component-search-paths": [],
  "image-search-paths": [],
  "vector-search-paths": []
}