{
  "name": "pantalla_alhambra",
  "version": 32,
  "source-key": {
    "type": "figma",
    "file": "PIl8Es4Os4vU6JalNigQWw",
    "node": "23:20",
    "version": "5061532478",
    "component-id": "4111ab0329efb24e5911580aace5aa0c9cd7397b"
  },
  "default": "PantallaAlhambra",
  "design": {
    "atoms": [
      {
        "type": "group",
        "id": "top_level",
        "root": "true"
      },
      {
        "type": "group",
        "id": "screen1"
      },
      {
        "type": "group",
        "id": "nav"
      },
      {
        "type": "vector",
        "id": "background"
      },
      {
        "type": "text",
        "id": "text"
      },
      {
        "type": "image",
        "id": "img"
      },
      {
        "type": "vector",
        "id": "container"
      },
      {
        "type": "vector",
        "id": "menuButton"
      },
      {
        "type": "vector",
        "id": "elem1Button"
      },
      {
        "type": "vector",
        "id": "elem2Button"
      },
      {
        "type": "text",
        "id": "textMenu"
      },
      {
        "type": "text",
        "id": "textElem1"
      },
      {
        "type": "text",
        "id": "textElem2"
      }
    ],
    "modes": {
      "PantallaAlhambra": {
        "rules": [
          {
            "id": "top_level",
            "is-structured": "false",
            "children": [
              "screen1",
              "nav"
            ],
            "clip-content": "false"
          },
          {
            "id": "screen1",
            "alignment": {
              "horizontal": {
                "attachment": "center",
                "offset": "-5.0"
              },
              "vertical": {
                "attachment": "center",
                "offset": "0.0"
              }
            },
            "size-constraints": {
              "width-constraints": {
                "sizing-mode": "fixed",
                "value": "359.0"
              },
              "height-constraints": {
                "sizing-mode": "fixed",
                "value": "640.0"
              }
            },
            "is-structured": "false",
            "children": [
              "background",
              "text",
              "img"
            ],
            "clip-content": "false"
          },
          {
            "id": "nav",
            "alignment": {
              "horizontal": {
                "attachment": "center",
                "offset": "-9.0"
              },
              "vertical": {
                "attachment": "end",
                "offset": "0.0"
              }
            },
            "size-constraints": {
              "width-constraints": {
                "sizing-mode": "fixed",
                "value": "359.0"
              },
              "height-constraints": {
                "sizing-mode": "fixed",
                "value": "46.0"
              }
            },
            "is-structured": "false",
            "children": [
              "container",
              "menuButton",
              "elem1Button",
              "elem2Button",
              "textMenu",
              "textElem1",
              "textElem2"
            ],
            "clip-content": "false"
          },
          {
            "id": "background",
            "size-constraints": {
              "width-constraints": {
                "sizing-mode": "proportional",
                "value": "1.0"
              },
              "height-constraints": {
                "sizing-mode": "proportional",
                "value": "1.0"
              }
            },
            "vector-content": "background.svg"
          },
          {
            "id": "text",
            "margin": {
              "left": "38.01177978515625",
              "top": "128.8687744140625",
              "right": "39.41961669921875",
              "bottom": "194.02716064453125"
            },
            "size-constraints": {
              "width-constraints": {
                "sizing-mode": "proportional",
                "value": "1.0"
              },
              "height-constraints": {
                "sizing-mode": "proportional",
                "value": "1.0"
              }
            },
            "color": {
              "alpha": "1.0",
              "hue": "0.0",
              "saturation": "0.0",
              "value": "0.0"
            },
            "text-content": "$textScreen",
            "overflow": "visible",
            "max-lines": "-1",
            "text-align": "left",
            "text-size": "12.0",
            "line-height": "1.2102272510528564",
            "typeface": "Inter"
          },
          {
            "id": "img",
            "margin": {
              "left": "56.313720703125",
              "top": "31.855194091796875",
              "right": "57.7215576171875",
              "bottom": "532.8506851196289"
            },
            "border-radius": "15.0",
            "drop-shadow": {
              "color": {
                "alpha": "0.24705882352941178",
                "hue": "0.0",
                "saturation": "0.0",
                "value": "0.0"
              },
              "blur": "4.0",
              "offset-x": "0.0",
              "offset-y": "4.0",
              "spread": "0.0",
              "blend-mode": "normal"
            },
            "alignment": {
              "horizontal": {
                "attachment": "start",
                "offset": "-4.0"
              },
              "vertical": {
                "attachment": "start",
                "offset": "0.0"
              }
            },
            "size-constraints": {
              "width-constraints": {
                "sizing-mode": "proportional",
                "value": "1.0"
              },
              "height-constraints": {
                "sizing-mode": "proportional",
                "value": "1.0"
              }
            },
            "stroke-width": "1.0",
            "stroke-color": {
              "alpha": "1.0",
              "hue": "0.0",
              "saturation": "0.0",
              "value": "0.0"
            },
            "image-content": "$imgContent",
            "scale": "cover"
          },
          {
            "id": "container",
            "size-constraints": {
              "width-constraints": {
                "sizing-mode": "proportional",
                "value": "1.0"
              },
              "height-constraints": {
                "sizing-mode": "proportional",
                "value": "1.0"
              }
            },
            "vector-content": "container.svg"
          },
          {
            "id": "menuButton",
            "margin": {
              "right": "249.188232421875"
            },
            "tap-handler": "$buttonTapped1",
            "size-constraints": {
              "width-constraints": {
                "sizing-mode": "proportional",
                "value": "1.0"
              },
              "height-constraints": {
                "sizing-mode": "proportional",
                "value": "1.0"
              }
            },
            "vector-content": "menu_button.svg"
          },
          {
            "id": "elem1Button",
            "margin": {
              "left": "109.811767578125",
              "right": "111.2196044921875"
            },
            "tap-handler": "$buttonTapped2",
            "size-constraints": {
              "width-constraints": {
                "sizing-mode": "proportional",
                "value": "1.0"
              },
              "height-constraints": {
                "sizing-mode": "proportional",
                "value": "1.0"
              }
            },
            "vector-content": "elem1button.svg"
          },
          {
            "id": "elem2Button",
            "margin": {
              "left": "247.7803955078125",
              "right": "0.0000152587890625"
            },
            "alignment": {
              "horizontal": {
                "attachment": "start",
                "offset": "-0.5"
              },
              "vertical": {
                "attachment": "start",
                "offset": "-0.5"
              }
            },
            "tap-handler": "$buttonTapped3",
            "size-constraints": {
              "width-constraints": {
                "sizing-mode": "proportional",
                "value": "1.0"
              },
              "height-constraints": {
                "sizing-mode": "proportional",
                "value": "1.0"
              }
            },
            "vector-content": "elem2button.svg"
          },
          {
            "id": "textMenu",
            "margin": {
              "top": "17.0",
              "right": "257.6352996826172",
              "bottom": "14.0"
            },
            "size-constraints": {
              "width-constraints": {
                "sizing-mode": "proportional",
                "value": "1.0"
              },
              "height-constraints": {
                "sizing-mode": "proportional",
                "value": "1.0"
              }
            },
            "color": {
              "alpha": "1.0",
              "hue": "0.0",
              "saturation": "0.0",
              "value": "0.0"
            },
            "text-content": "$textButton1",
            "overflow": "visible",
            "max-lines": "-1",
            "text-size": "12.0",
            "line-height": "1.2102272510528564",
            "typeface": "Inter"
          },
          {
            "id": "textElem1",
            "margin": {
              "left": "123.89019775390625",
              "top": "17.0",
              "right": "125.29802703857422",
              "bottom": "14.0"
            },
            "size-constraints": {
              "width-constraints": {
                "sizing-mode": "proportional",
                "value": "1.0"
              },
              "height-constraints": {
                "sizing-mode": "proportional",
                "value": "1.0"
              }
            },
            "color": {
              "alpha": "1.0",
              "hue": "0.0",
              "saturation": "0.0",
              "value": "0.0"
            },
            "text-content": "$textButton2",
            "overflow": "visible",
            "max-lines": "-1",
            "text-size": "12.0",
            "line-height": "1.2102272510528564",
            "typeface": "Inter"
          },
          {
            "id": "textElem2",
            "margin": {
              "left": "257.63525390625",
              "top": "17.0",
              "right": "0.00006103515625",
              "bottom": "14.0"
            },
            "size-constraints": {
              "width-constraints": {
                "sizing-mode": "proportional",
                "value": "1.0"
              },
              "height-constraints": {
                "sizing-mode": "proportional",
                "value": "1.0"
              }
            },
            "color": {
              "alpha": "1.0",
              "hue": "0.0",
              "saturation": "0.0",
              "value": "0.0"
            },
            "text-content": "$textButton3",
            "overflow": "visible",
            "max-lines": "-1",
            "text-size": "12.0",
            "line-height": "1.2102272510528564",
            "typeface": "Inter"
          }
        ]
      }
    }
  },
  "parameters": {
    "textScreen": {
      "data-type": "text",
      "required": false,
      "description": ""
    },
    "imgContent": {
      "data-type": "image",
      "required": false,
      "description": ""
    },
    "buttonTapped1": {
      "data-type": "void-callback",
      "required": false,
      "description": ""
    },
    "buttonTapped2": {
      "data-type": "void-callback",
      "required": false,
      "description": ""
    },
    "buttonTapped3": {
      "data-type": "void-callback",
      "required": false,
      "description": ""
    },
    "textButton1": {
      "data-type": "text",
      "required": false,
      "description": ""
    },
    "textButton2": {
      "data-type": "text",
      "required": false,
      "description": ""
    },
    "textButton3": {
      "data-type": "text",
      "required": false,
      "description": ""
    }
  },
  "previews": [
    {
      "design": "PantallaAlhambra",
      "size": {
        "width": 359.0,
        "height": 640.0
      },
      "parameters": {
        "textScreen": "La Alhambra",
        "imgContent": "img.jpeg",
        "textButton1": "Menu",
        "textButton2": "Catedral",
        "textButton3": "San Miguel"
      }
    }
  ],
  "adin-component-search-paths": [],
  "image-search-paths": [],
  "vector-search-paths": []
}