{
  "name": "pantalla_principal",
  "version": 32,
  "source-key": {
    "type": "figma",
    "file": "PIl8Es4Os4vU6JalNigQWw",
    "node": "1:31",
    "version": "5061532478",
    "component-id": "58fccd3fa99357d87869bbe3ee02bdf1831549a9"
  },
  "default": "PantallaPrincipal",
  "design": {
    "atoms": [
      {
        "type": "group",
        "id": "top_level",
        "root": "true"
      },
      {
        "type": "vector",
        "id": "background"
      },
      {
        "type": "group",
        "id": "elem1"
      },
      {
        "type": "group",
        "id": "elem2"
      },
      {
        "type": "group",
        "id": "elem3"
      },
      {
        "type": "text",
        "id": "Titulo"
      },
      {
        "type": "group",
        "id": "Frame 2"
      },
      {
        "type": "vector",
        "id": "buttonBackground"
      },
      {
        "type": "text",
        "id": "buttonText"
      },
      {
        "type": "vector",
        "id": "button2Background"
      },
      {
        "type": "text",
        "id": "button2Text"
      },
      {
        "type": "vector",
        "id": "button3Background"
      },
      {
        "type": "text",
        "id": "button3Text"
      },
      {
        "type": "group",
        "id": "Frame 1"
      }
    ],
    "modes": {
      "PantallaPrincipal": {
        "rules": [
          {
            "id": "top_level",
            "is-structured": "false",
            "children": [
              "background",
              "elem1",
              "elem2",
              "elem3",
              "Titulo",
              "Frame 2"
            ],
            "background-color": {
              "alpha": "1.0",
              "hue": "0.0",
              "saturation": "0.0",
              "value": "1.0"
            },
            "clip-content": "false"
          },
          {
            "id": "background",
            "alignment": {
              "horizontal": {
                "attachment": "center",
                "offset": "0.0"
              },
              "vertical": {
                "attachment": "center",
                "offset": "0.0"
              }
            },
            "size-constraints": {
              "width-constraints": {
                "sizing-mode": "fixed",
                "value": "255.0"
              },
              "height-constraints": {
                "sizing-mode": "fixed",
                "value": "442.0"
              }
            },
            "vector-content": "background.svg"
          },
          {
            "id": "elem1",
            "margin": {
              "top": "217.0",
              "bottom": "373.0"
            },
            "alignment": {
              "horizontal": {
                "attachment": "center",
                "offset": "0.0"
              },
              "vertical": {
                "attachment": "start",
                "offset": "0.0"
              }
            },
            "tap-handler": "$button3Tap",
            "size-constraints": {
              "width-constraints": {
                "sizing-mode": "fixed",
                "value": "235.0"
              },
              "height-constraints": {
                "sizing-mode": "proportional",
                "value": "1.0"
              }
            },
            "is-structured": "false",
            "children": [
              "buttonBackground",
              "buttonText"
            ],
            "clip-content": "false"
          },
          {
            "id": "elem2",
            "margin": {
              "top": "321.0",
              "bottom": "269.0"
            },
            "alignment": {
              "horizontal": {
                "attachment": "center",
                "offset": "0.0"
              },
              "vertical": {
                "attachment": "start",
                "offset": "0.0"
              }
            },
            "tap-handler": "$button2Tap",
            "size-constraints": {
              "width-constraints": {
                "sizing-mode": "fixed",
                "value": "235.0"
              },
              "height-constraints": {
                "sizing-mode": "proportional",
                "value": "1.0"
              }
            },
            "is-structured": "false",
            "children": [
              "button2Background",
              "button2Text"
            ],
            "clip-content": "false"
          },
          {
            "id": "elem3",
            "margin": {
              "top": "417.0",
              "bottom": "173.0"
            },
            "alignment": {
              "horizontal": {
                "attachment": "center",
                "offset": "0.0"
              },
              "vertical": {
                "attachment": "start",
                "offset": "0.0"
              }
            },
            "tap-handler": "$button1Tap",
            "size-constraints": {
              "width-constraints": {
                "sizing-mode": "fixed",
                "value": "235.0"
              },
              "height-constraints": {
                "sizing-mode": "proportional",
                "value": "1.0"
              }
            },
            "is-structured": "false",
            "children": [
              "button3Background",
              "button3Text"
            ],
            "clip-content": "false"
          },
          {
            "id": "Titulo",
            "alignment": {
              "horizontal": {
                "attachment": "start",
                "offset": "66.0"
              },
              "vertical": {
                "attachment": "start",
                "offset": "47.0"
              }
            },
            "font-weight": "800.0",
            "color": {
              "alpha": "1.0",
              "hue": "0.0",
              "saturation": "0.0",
              "value": "0.0"
            },
            "text-content": "Guía Turística Granada",
            "overflow": "visible",
            "text-size": "20.0",
            "line-height": "1.2102272033691406",
            "typeface": "Inter"
          },
          {
            "id": "Frame 2",
            "alignment": {
              "horizontal": {
                "attachment": "start",
                "offset": "-15.0"
              },
              "vertical": {
                "attachment": "start",
                "offset": "369.0"
              }
            },
            "size-constraints": {
              "width-constraints": {
                "sizing-mode": "fixed",
                "value": "100.0"
              },
              "height-constraints": {
                "sizing-mode": "fixed",
                "value": "100.0"
              }
            },
            "is-structured": "false",
            "children": [
              "Frame 1"
            ],
            "clip-content": "false"
          },
          {
            "id": "buttonBackground",
            "border-radius": "15.0",
            "size-constraints": {
              "width-constraints": {
                "sizing-mode": "proportional",
                "value": "1.0"
              },
              "height-constraints": {
                "sizing-mode": "proportional",
                "value": "1.0"
              }
            },
            "vector-content": "button_background.svg"
          },
          {
            "id": "buttonText",
            "margin": {
              "top": "17.5",
              "bottom": "15.0"
            },
            "size-constraints": {
              "width-constraints": {
                "sizing-mode": "proportional",
                "value": "1.0"
              },
              "height-constraints": {
                "sizing-mode": "proportional",
                "value": "1.0"
              }
            },
            "color": {
              "alpha": "1.0",
              "hue": "0.0",
              "saturation": "0.0",
              "value": "1.0"
            },
            "text-content": "$button1Text",
            "overflow": "visible",
            "max-lines": "-1",
            "text-size": "12.0",
            "line-height": "1.2102272510528564",
            "typeface": "Inter"
          },
          {
            "id": "button2Background",
            "border-radius": "15.0",
            "size-constraints": {
              "width-constraints": {
                "sizing-mode": "proportional",
                "value": "1.0"
              },
              "height-constraints": {
                "sizing-mode": "proportional",
                "value": "1.0"
              }
            },
            "vector-content": "button2background.svg"
          },
          {
            "id": "button2Text",
            "margin": {
              "top": "17.5",
              "bottom": "15.0"
            },
            "size-constraints": {
              "width-constraints": {
                "sizing-mode": "proportional",
                "value": "1.0"
              },
              "height-constraints": {
                "sizing-mode": "proportional",
                "value": "1.0"
              }
            },
            "color": {
              "alpha": "1.0",
              "hue": "0.0",
              "saturation": "0.0",
              "value": "1.0"
            },
            "text-content": "$button2Text",
            "overflow": "visible",
            "max-lines": "-1",
            "text-size": "12.0",
            "line-height": "1.2102272510528564",
            "typeface": "Inter"
          },
          {
            "id": "button3Background",
            "border-radius": "15.0",
            "size-constraints": {
              "width-constraints": {
                "sizing-mode": "proportional",
                "value": "1.0"
              },
              "height-constraints": {
                "sizing-mode": "proportional",
                "value": "1.0"
              }
            },
            "vector-content": "button3background.svg"
          },
          {
            "id": "button3Text",
            "margin": {
              "top": "17.5",
              "bottom": "15.0"
            },
            "size-constraints": {
              "width-constraints": {
                "sizing-mode": "proportional",
                "value": "1.0"
              },
              "height-constraints": {
                "sizing-mode": "proportional",
                "value": "1.0"
              }
            },
            "color": {
              "alpha": "1.0",
              "hue": "0.0",
              "saturation": "0.0",
              "value": "1.0"
            },
            "text-content": "$button3Text",
            "overflow": "visible",
            "max-lines": "-1",
            "text-size": "12.0",
            "line-height": "1.2102272510528564",
            "typeface": "Inter"
          },
          {
            "id": "Frame 1",
            "size-constraints": {
              "width-constraints": {
                "sizing-mode": "fixed",
                "value": "100.0"
              },
              "height-constraints": {
                "sizing-mode": "fixed",
                "value": "100.0"
              }
            },
            "is-structured": "false"
          }
        ]
      }
    }
  },
  "parameters": {
    "button3Tap": {
      "data-type": "void-callback",
      "required": false,
      "description": ""
    },
    "button2Tap": {
      "data-type": "void-callback",
      "required": false,
      "description": ""
    },
    "button1Tap": {
      "data-type": "void-callback",
      "required": false,
      "description": ""
    },
    "button1Text": {
      "data-type": "text",
      "required": false,
      "description": ""
    },
    "button2Text": {
      "data-type": "text",
      "required": false,
      "description": ""
    },
    "button3Text": {
      "data-type": "text",
      "required": false,
      "description": ""
    }
  },
  "previews": [
    {
      "design": "PantallaPrincipal",
      "size": {
        "width": 359.0,
        "height": 640.0
      },
      "parameters": {
        "button1Text": "Alhambra",
        "button2Text": "Catedral de Granada",
        "button3Text": "San Miguel el Alto"
      }
    }
  ],
  "adin-component-search-paths": [],
  "image-search-paths": [],
  "vector-search-paths": []
}